{"ISA":{"0":"ADD","1":"LB","2":"SLL","3":"JALR","4":"invariants","5":"SW","6":"AUIPC","7":"OR","8":"LUI","9":"XOR","10":"SLT","11":"SRAI","12":"SH","13":"SLTIU","14":"BEQ","15":"XORI","16":"SRLI","17":"ADDI","18":"BNE","19":"SLTI"},"Generated Line":{"0":2777.0,"1":2781.0,"2":2777.0,"3":2777.0,"4":940.0,"5":2657.0,"6":2777.0,"7":2777.0,"8":2777.0,"9":2777.0,"10":2777.0,"11":2777.0,"12":2657.0,"13":2777.0,"14":2649.0,"15":2777.0,"16":2777.0,"17":2777.0,"18":2649.0,"19":2777.0},"Reduced Workload(%)":{"0":15.1121027427,"1":15.2333479404,"2":15.1088139282,"3":15.2164383562,"4":6.0295060936,"5":14.6536510038,"6":15.3306834493,"7":15.1121027427,"8":15.3323763251,"9":15.1121027427,"10":15.1088139282,"11":15.2131039772,"12":14.6536510038,"13":15.2164383562,"14":14.6063078959,"15":15.2197741971,"16":15.2131039772,"17":15.2197741971,"18":14.6046973205,"19":15.2164383562},"generated reg":{"0":125.0,"1":125.0,"2":125.0,"3":125.0,"4":0.0,"5":125.0,"6":125.0,"7":125.0,"8":125.0,"9":125.0,"10":125.0,"11":125.0,"12":125.0,"13":125.0,"14":125.0,"15":125.0,"16":125.0,"17":125.0,"18":125.0,"19":125.0}}